{
  "yukawa_couplings": {
    "leptons": {
      "electron": {
        "mass_MeV": 0.511,
        "Y_measured": 2.9350301777786193e-06
      },
      "muon": {
        "mass_MeV": 105.66,
        "Y_measured": 0.0006068792340197434
      },
      "tau": {
        "mass_MeV": 1776.86,
        "Y_measured": 0.010205748966120776
      }
    },
    "up_type_quarks": {
      "up": {
        "mass_MeV": 2.16,
        "Y_measured": 1.2406389792567159e-05
      },
      "charm": {
        "mass_MeV": 1270,
        "Y_measured": 0.0072944977021112455
      },
      "top": {
        "mass_MeV": 172760,
        "Y_measured": 0.992281435446251
      }
    },
    "down_type_quarks": {
      "down": {
        "mass_MeV": 4.67,
        "Y_measured": 2.6823074227448438e-05
      },
      "strange": {
        "mass_MeV": 93.4,
        "Y_measured": 0.0005364614845489688
      },
      "bottom": {
        "mass_MeV": 4180,
        "Y_measured": 0.024008661728208668
      }
    }
  },
  "koide_parameters": {
    "Q_leptons": 0.6666590861434005,
    "Q_up_quarks": 0.8490064641251923,
    "Q_down_quarks": 0.7314276514329372,
    "Q_ideal": 0.6666666666666666,
    "deviation_up": 0.1823397974585257,
    "deviation_down": 0.06476098476627057,
    "interpretation": "CKM mixing shifts Q away from 2/3 for quarks"
  },
  "hypothesis_charge_squared": {
    "hypothesis": "Y_0 = alpha * Q_electric^2 / 4",
    "Y_0_lepton": 0.0018243381301263901,
    "Y_0_up": 0.00081081694672284,
    "Y_0_down": 0.00020270423668071,
    "ratio_up_to_lepton": 0.4444444444444444,
    "ratio_down_to_lepton": 0.1111111111111111,
    "up_type_analysis": [
      {
        "particle": "up",
        "mass_MeV": 2.16,
        "Y_measured": 1.2406389792567159e-05,
        "x_squared_required": 0.0153010982845281,
        "sqrt_x_squared": 0.12369760824093609
      },
      {
        "particle": "charm",
        "mass_MeV": 1270,
        "Y_measured": 0.0072944977021112455,
        "x_squared_required": 8.99647908395865,
        "sqrt_x_squared": 2.999413123255723
      },
      {
        "particle": "top",
        "mass_MeV": 172760,
        "Y_measured": 0.992281435446251,
        "x_squared_required": 1223.8045090903122,
        "sqrt_x_squared": 34.98291738963908
      }
    ],
    "down_type_analysis": [
      {
        "particle": "down",
        "mass_MeV": 4.67,
        "Y_measured": 2.6823074227448438e-05,
        "x_squared_required": 0.13232616479397447,
        "sqrt_x_squared": 0.363766635075256
      },
      {
        "particle": "strange",
        "mass_MeV": 93.4,
        "Y_measured": 0.0005364614845489688,
        "x_squared_required": 2.6465232958794895,
        "sqrt_x_squared": 1.6268138479492635
      },
      {
        "particle": "bottom",
        "mass_MeV": 4180,
        "Y_measured": 0.024008661728208668,
        "x_squared_required": 118.44183486912492,
        "sqrt_x_squared": 10.883098587678278
      }
    ]
  },
  "hypothesis_color_factor": {
    "hypothesis": "Y_0_quark = 3 * alpha / 4 (color factor)",
    "Y_0_lepton": 0.0018243381301263901,
    "Y_0_quark": 0.00547301439037917,
    "ratio": 2.9999999999999996,
    "quark_analysis": [
      {
        "particle": "up",
        "mass_MeV": 2.16,
        "Y_measured": 1.2406389792567159e-05,
        "x_squared_required": 0.0022668293754856445
      },
      {
        "particle": "charm",
        "mass_MeV": 1270,
        "Y_measured": 0.0072944977021112455,
        "x_squared_required": 1.3328117161420223
      },
      {
        "particle": "top",
        "mass_MeV": 172760,
        "Y_measured": 0.992281435446251,
        "x_squared_required": 181.30437171708328
      },
      {
        "particle": "down",
        "mass_MeV": 4.67,
        "Y_measured": 2.6823074227448438e-05,
        "x_squared_required": 0.004900969066443499
      },
      {
        "particle": "strange",
        "mass_MeV": 93.4,
        "Y_measured": 0.0005364614845489688,
        "x_squared_required": 0.09801938132886999
      },
      {
        "particle": "bottom",
        "mass_MeV": 4180,
        "Y_measured": 0.024008661728208668,
        "x_squared_required": 4.386734624782404
      }
    ]
  },
  "hypothesis_combined": {
    "hypothesis": "Y_0 = N_c * Q^2 * alpha / 4",
    "Y_0_lepton": 0.0018243381301263901,
    "Y_0_up": 0.00243245084016852,
    "Y_0_down": 0.00060811271004213,
    "ratio_up_to_lepton": 1.3333333333333333,
    "ratio_down_to_lepton": 0.3333333333333333,
    "up_type_analysis": [
      {
        "particle": "up",
        "Y_measured": 1.2406389792567159e-05,
        "x_squared_required": 0.0051003660948427
      },
      {
        "particle": "charm",
        "Y_measured": 0.0072944977021112455,
        "x_squared_required": 2.9988263613195505
      },
      {
        "particle": "top",
        "Y_measured": 0.992281435446251,
        "x_squared_required": 407.9348363634374
      }
    ],
    "down_type_analysis": [
      {
        "particle": "down",
        "Y_measured": 2.6823074227448438e-05,
        "x_squared_required": 0.04410872159799149
      },
      {
        "particle": "strange",
        "Y_measured": 0.0005364614845489688,
        "x_squared_required": 0.8821744319598299
      },
      {
        "particle": "bottom",
        "Y_measured": 0.024008661728208668,
        "x_squared_required": 39.48061162304164
      }
    ]
  },
  "quark_theta_analysis": {
    "up_type_theta": {
      "x_values": [
        0.07141684741601732,
        1.731711974122588,
        20.19739677194656
      ],
      "x_squared": [
        0.0051003660948427,
        2.9988263613195505,
        407.9348363634374
      ],
      "cos_phi": [
        -0.6566074440877167,
        0.5173984987774775,
        13.57460943857215
      ],
      "valid": false,
      "reason": "cos values outside [-1, 1]"
    },
    "down_type_theta": {
      "x_values": [
        0.21002076468290343,
        0.9392414130349183,
        6.2833598992132895
      ],
      "x_squared": [
        0.04410872159799149,
        0.8821744319598299,
        39.48061162304164
      ],
      "cos_phi": [
        -0.5585996742892823,
        -0.04296280885832187,
        3.735899612182791
      ],
      "valid": false,
      "reason": "cos values outside [-1, 1]"
    },
    "lepton_theta_for_comparison": {
      "theta_rad": 2.3166173246154176,
      "theta_deg": 132.73239544735162
    }
  },
  "mass_hierarchy": {
    "mass_hierarchy": [
      {
        "particle": "electron",
        "mass_MeV": 0.511,
        "ratio_to_electron": 1.0
      },
      {
        "particle": "up",
        "mass_MeV": 2.16,
        "ratio_to_electron": 4.227005870841487
      },
      {
        "particle": "down",
        "mass_MeV": 4.67,
        "ratio_to_electron": 9.13894324853229
      },
      {
        "particle": "strange",
        "mass_MeV": 93.4,
        "ratio_to_electron": 182.7788649706458
      },
      {
        "particle": "muon",
        "mass_MeV": 105.66,
        "ratio_to_electron": 206.77103718199606
      },
      {
        "particle": "charm",
        "mass_MeV": 1270,
        "ratio_to_electron": 2485.3228962818002
      },
      {
        "particle": "tau",
        "mass_MeV": 1776.86,
        "ratio_to_electron": 3477.2211350293537
      },
      {
        "particle": "bottom",
        "mass_MeV": 4180,
        "ratio_to_electron": 8180.039138943248
      },
      {
        "particle": "top",
        "mass_MeV": 172760,
        "ratio_to_electron": 338082.1917808219
      }
    ],
    "total_range": 338082.1917808219,
    "orders_of_magnitude": 5.529022295240748,
    "heaviest": [
      "top",
      172760
    ],
    "lightest": [
      "electron",
      0.511
    ],
    "interpretation": "6 orders of magnitude explained by x_i factors + Y_0 differences"
  },
  "significance": {
    "if_successful": {
      "impact": "ALL 9 fermion masses derived from pure algebra",
      "free_parameters": "ZERO for entire fermion sector",