{
  "koide_scale": {
    "sqrt_m_e": 0.7148419055987134,
    "sqrt_m_mu": 10.279025999577977,
    "sqrt_m_tau": 42.15281722494951,
    "sum_sqrt": 53.1466851301262,
    "r_measured_MeV_half": 17.715561710042067,
    "r_squared_MeV": 313.8411267023086
  },
  "base_yukawa": {
    "r_squared_MeV": 313.8411267023086,
    "v_MeV": 246220.0,
    "Y_0_measured": 0.001802608958707082,
    "Y_0_predicted_alpha_over_4": 0.0018243381301263901,
    "alpha_used": 0.0072973525205055605,
    "difference": 2.1729171419308064e-05,
    "percent_error": 1.2054290152254248,
    "formula": "Y_0 = alpha/4"
  },
  "r_derivation": {
    "formula": "r^2 = alpha * v / (4 * sqrt(2))",
    "alpha": 0.0072973525205055605,
    "v_GeV": 246.22,
    "v_MeV": 246220.0,
    "r_squared_predicted_MeV": 317.62425870528864,
    "r_predicted_MeV_half": 17.822016123471794,
    "r_measured_MeV_half": 17.715561710042067,
    "difference_MeV_half": 0.10645441342972717,
    "percent_error": 0.6009090491857421,
    "agreement_percent": 99.39909095081426
  },
  "x_factors": {
    "theta_rad": 2.3166173246154176,
    "theta_deg": 132.73239544735162,
    "k": 1.4142135623730951,
    "x_factors": [
      {
        "generation": 1,
        "angle_rad": 2.3166173246154176,
        "angle_deg": 132.73239544735162,
        "cos_value": -0.6785750874644911,
        "x_i": 0.040349908219207364,
        "x_i_squared": 0.001628115093298458
      },
      {
        "generation": 2,
        "angle_rad": 4.411012427008613,
        "angle_deg": 252.73239544735162,
        "cos_value": -0.2968349979249567,
        "x_i": 0.5802119201475366,
        "x_i_squared": 0.33664587228129145
      },
      {
        "generation": 3,
        "angle_rad": 6.505407529401808,
        "angle_deg": 372.73239544735156,
        "cos_value": 0.9754100853894477,
        "x_i": 2.3794381716332555,
        "x_i_squared": 5.66172601262541
      }
    ],
    "sum_x_i": 2.9999999999999996,
    "expected_sum_x": 3,
    "sum_x_i_squared": 6.0,
    "expected_sum_x_squared": 6
  },
  "yukawa_predictions": {
    "Y_0": 0.0018243381301263901,
    "formula": "Y_i = Y_0 * x_i^2 = (alpha/4) * x_i^2",
    "predictions": [
      {
        "particle": "electron",
        "x_i": 0.040349908219207364,
        "x_i_squared": 0.001628115093298458,
        "Y_predicted": 2.970232444938662e-06,
        "Y_measured": 2.9e-06,
        "error_percent": 2.421808446160749
      },
      {
        "particle": "muon",
        "x_i": 0.5802119201475366,
        "x_i_squared": 0.33664587228129145,
        "Y_predicted": 0.0006141559011524188,
        "Y_measured": 0.00061,
        "error_percent": 0.6812952708883262
      },
      {
        "particle": "tau",
        "x_i": 2.3794381716332555,
        "x_i_squared": 5.66172601262541,
        "Y_predicted": 0.010328902647160984,
        "Y_measured": 0.01,
        "error_percent": 3.289026471609835
      }
    ],
    "average_error_percent": 2.1307100628863034
  },
  "mass_predictions": {
    "formula": "m_i = (alpha/4) * x_i^2 * v / sqrt(2)",
    "r_predicted_MeV_half": 17.822016123471794,
    "v_GeV": 246.22,
    "alpha": 0.0072973525205055605,
    "predictions": [
      {
        "particle": "electron",
        "x_i": 0.040349908219207364,
        "sqrt_m_predicted_MeV_half": 0.7191167148633207,
        "mass_predicted_MeV": 0.5171288495958145,
        "mass_measured_MeV": 0.51099895,
        "error_percent": 1.1995914269128263
      },
      {
        "particle": "muon",
        "x_i": 0.5802119201475366,
        "sqrt_m_predicted_MeV_half": 10.340546195899927,
        "mass_predicted_MeV": 106.92689562954045,
        "mass_measured_MeV": 105.6583755,
        "error_percent": 1.2005864405330064
      },
      {
        "particle": "tau",
        "x_i": 2.3794381716332555,
        "sqrt_m_predicted_MeV_half": 42.40638545965213,
        "mass_predicted_MeV": 1798.3015277525953,
        "mass_measured_MeV": 1776.86,
        "error_percent": 1.2067088995528883
      }
    ],
    "average_error_percent": 1.2022955889995737,
    "free_parameters": 0,
    "inputs_used": [
      "alpha = 1/137 (Phase 117)",
      "v = 246 GeV (Phase 115)",
      "theta = 2*pi/3 + 2/9 (Phase 119)",
      "k = sqrt(2) (Phase 118)"
    ]
  },
  "mass_hierarchy": {
    "x_e_squared": 0.001628115093298458,
    "x_mu_squared": 0.33664587228129145,
    "x_tau_squared": 5.66172601262541,
    "hierarchy_factor": 3477.4728371046003,
    "ratios": [
      {
        "ratio": "m_mu/m_e",
        "predicted": 206.77031597272907,
        "measured": 206.76828298766566,
        "error_percent": 0.0009832190092373626
      },
      {
        "ratio": "m_tau/m_e",
        "predicted": 3477.4728371046003,
        "measured": 3477.228280018971,
        "error_percent": 0.007033104125911251
      },
      {
        "ratio": "m_tau/m_mu",
        "predicted": 16.81804673337755,
        "measured": 16.81702933242618,
        "error_percent": 0.006049825633635028
      }
    ],
    "interpretation": "Mass hierarchy of 10^5 comes purely from cos(theta + 2*pi*i/3) structure!"
  },
  "why_alpha_over_4": {
    "formula": "Y_0 = alpha/4",
    "numerical_value": 0.0018243381301263901,
    "factor_4_interpretations": [
      {
        "interpretation": "Z_3 x Z_2 structure",
        "explanation": "3 generations with L/R chirality -> 6 degrees of freedom / 1.5 avg = 4"
      },
      {
        "interpretation": "Electroweak doublet",
        "explanation": "SU(2)_L doublet has 2 components, times sqrt(2) normalization -> factor 4 in Y^2"
      },
      {
        "interpretation": "J_3(O_C) dimensional",
        "explanation": "27 = 3^3 dimensions, 3 diagonals, ratio 27/3/2.25 ~ 4"
      },
      {
        "interpretation": "Generation-coupling connection",
        "explanation": "alpha relates EM to weak, factor 4 ~ (g/g')^2 at low energy"
      }
    ],
    "r_predicted": 17.822016123471794,
    "r_measured": 17.715561710042067,
    "agreement_percent": 99.39909095081426
  },
  "new_questions": {
    "new_questions": {
      "Q541": {
        "question": "Can the same Y_0 = alpha/4 formula work for quarks?",
        "priority": "CRITICAL",
        "tractability": "HIGH",
        "description": "Extend to quark sector - may need color factor (3 colors)",
        "implication": "Would derive all quark masses from algebra"
      },
      "Q542": {
        "question": "Why exactly alpha/4? Deeper E_8 origin?",
        "priority": "HIGH",
        "tractability": "MEDIUM",
        "description": "The factor 4 should have geometric meaning in E_8 x E_8",
        "implication": "Would unify alpha derivation (Phase 117) with mass derivation"
      },
      "Q543": {
        "question": "Can neutrino masses be derived with modified Y_0?",
        "priority": "HIGH",
        "tractability": "LOW",
        "description": "Neutrinos are neutral -> different base coupling?",
        "implication": "Would complete entire lepton sector"
      },
      "Q544": {
        "question": "Does Y_0 run with energy scale?",
        "priority": "MEDIUM",
        "tractability": "HIGH",
        "description": "RG running of base Yukawa coupling",
        "implication": "Would predict mass unification at high energies"
      },
      "Q545": {
        "question": "What determines v = 246 GeV algebraically?",
        "priority": "CRITICAL",
        "tractability": "LOW",
        "description": "Last remaining input - hierarchy problem connection",
        "implication": "Would make ALL masses pure algebra - no inputs!"
      },
      "Q546": {
        "question": "Is the 0.48% error in r from radiative corrections?",
        "priority": "MEDIUM",
        "tractability": "HIGH",
        "description": "Small remaining error in r prediction",
        "implication": "Would achieve exact agreement with precision QED"
      }
    }
  },
  "master_validation": {
    "validation_number": 19,
    "connection": "alpha (Phase 117) + v (Phase 115) + Koide (Phases 118-119) -> ABSOLUTE MASSES",