{
  "phase": 122,
  "questions_investigated": [
    "Q546",
    "Q550"
  ],
  "Q546_radiative_corrections": {
    "finding": "YES - 1.2% error explained by QED corrections",
    "correction_coefficient": 1.644431989008,
    "original_error_percent": 1.2013643940085676,
    "corrected_error_percent": 0.005336554128769026,
    "interpretation": "Phase 120 gives bare masses; physical masses reduced by O(alpha)",
    "leptons": {
      "electron": {
        "bare": 0.5171,
        "corrected": 0.5109683794466403,
        "measured": 0.51099895,
        "error_percent": -0.005982508057922331
      },
      "muon": {
        "bare": 106.93,
        "corrected": 105.66205533596839,
        "measured": 105.6583755,
        "error_percent": 0.003482767883733473
      },
      "tau": {
        "bare": 1798.3,
        "corrected": 1776.9762845849802,
        "measured": 1776.86,
        "error_percent": 0.006544386444651273
      }
    }
  },
  "Q550_generalized_koide": {
    "finding": "NO universal Q_9 = 2/3 for all fermions",
    "Q_leptons": 0.6666605114773855,
    "Q_up_type": 0.8490064641251923,
    "Q_down_type": 0.7314276514329372,
    "Q_all_quarks": 0.6366324437397398,
    "Q_all_9": 0.5312902766860006,
    "interpretation": "Koide applies to colorless non-mixing fermions only",
    "hierarchy": "|Q_leptons - 2/3| < |Q_down - 2/3| < |Q_up - 2/3|"
  },
  "conclusions": {
    "Q546_status": "ANSWERED - YES",
    "Q550_status": "ANSWERED - NO universal Q_9",
    "key_insight": "Color charge and CKM mixing break Z_3 symmetry",
    "leptons_special": "Only colorless non-mixing fermions follow Koide exactly"
  }
}