{
  "sync": {
    "method": "Synchronous (AllReduce)",
    "final_loss": 0.00047278701227700234,
    "final_accuracy": 1.0,
    "time_ms": 33318.946700019296
  },
  "async": [
    {
      "method": "Asynchronous (staleness=1)",
      "final_loss": 0.0004727870122770002,
      "final_accuracy": 1.0,
      "time_ms": 34941.19609997142
    },
    {
      "method": "Asynchronous (staleness=2)",
      "final_loss": 0.00047670835232086357,
      "final_accuracy": 1.0,
      "time_ms": 33981.63449997082
    },
    {
      "method": "Asynchronous (staleness=4)",
      "final_loss": 0.0004409179028273566,
      "final_accuracy": 1.0,
      "time_ms": 32572.83959997585
    }
  ],
  "converged": true
}